company_name,website,focus_area,project_insights,competitor_insights,drafted_email
Gemini Solutions,geminisolutions.com,Enterprise Software & Cloud,"Gemini Solutions specializes in custom enterprise software development across various domains (e.g., Fintech, Healthcare), offering solutions like scalable application engineering and digital product development. They provide comprehensive cloud transformation services, including migration, optimization, and managed services for platforms like AWS, Azure, and GCP, often integrating DevOps practices. Additionally, they deliver data analytics and AI/ML solutions, building data platforms and implementing intelligent automation for business insights.","Globant, EPAM Systems, Persistent Systems, LTIMindtree","SUBJECT: AWS & Full-Stack Developer: Eager to Contribute to Gemini's Enterprise Innovation

BODY:
Dear Gemini Solutions Hiring Team,

I'm a Computer Science student/developer deeply impressed by Gemini Solutions' impact in enterprise software and cloud transformation. My skills in Python, Full-Stack (Node.js, React), SQL, and AWS Cloud Architecture align strongly with your work in scalable application engineering and digital product development.

I'm particularly drawn to your focus on custom enterprise solutions and cloud integration. With a strong foundation in system design and a passion for SaaS product development and automation, I am eager to contribute to your projects, especially those leveraging AWS for clients in FinTech or Healthcare.

I would welcome the opportunity to discuss how my technical skills and enthusiasm can benefit your team.

Sincerely,
[Candidate Name]"
Intelliwings,intelliwings.com,Mobile & Web Development,"Intelliwings, a drone technology company, develops robust internal software leveraging mobile and web platforms. Key projects include a **Web-based Drone Swarm Management Platform** for mission planning, real-time monitoring, and analytics, featuring intuitive UI/UX and cloud integration. They also develop **Smart Drone Operation Mobile Applications** (iOS/Android) for field operators, enabling real-time control, telemetry, and mission management. Additionally, they create **Web & Mobile Interfaces for AI-Integrated Drone Systems**, used for configuring, monitoring, and debugging their autonomous flight and data processing solutions.",,"SUBJECT: Full-Stack & AWS for Intelliwings' Drone Software Innovation

BODY:
Dear [Hiring Team/Engineering Leader Name],

I'm a Computer Science developer with robust full-stack web development expertise (Node.js, React, Python) and AWS cloud architecture, genuinely impressed by Intelliwings' innovative work, especially your **Web-based Drone Swarm Management Platform** and **AI-Integrated Drone Systems**.

My focus on building scalable SaaS products, automation, and strong system design principles aligns well with your needs for real-time monitoring, mission planning, and data processing interfaces. I believe my skills could significantly contribute to enhancing your web and mobile platforms.

I am eager to explore how my background can support Intelliwings' engineering goals. Would you be open to a brief discussion about potential opportunities?"
Opus Studios,opusstudios.com,Design & Interactive Media,"Opus Studios specializes in bespoke digital solutions, including custom web design & development (e.g., e-commerce, CMS integration), comprehensive UX/UI design for web and mobile platforms, and brand identity development combined with digital marketing strategies (SEO, PPC). They serve diverse industries by crafting engaging and results-driven digital experiences.","R/GA, Huge Inc., VMLY&R, AKQA","SUBJECT: Software Engineering for Opus Studios: Full-Stack & Interactive Media

BODY:
Dear Opus Studios Hiring Team,

I'm interested in Opus Studios' innovative bespoke digital solutions. My full-stack skills (Python, Node.js, React, SQL, AWS) and SaaS product development focus perfectly align with your custom web and interactive media work.

My system design and automation experience enable me to build robust, scalable web platforms, crafting impactful, results-driven digital experiences. I am eager to apply my logical problem-solving for your clients.

I'd welcome a brief discussion on how I can contribute. My portfolio is at [Link].

Thank you for your time.

Best regards,
[Your Name]"
W3Villa Technologies,w3villa.com,Full-Stack & SaaS Engineering,"W3Villa Technologies focuses on full-stack and SaaS product engineering. Their key projects include developing custom, scalable SaaS platforms for various industries (e.g., healthcare, logistics, e-learning) and building complex web/mobile applications. They utilize modern technologies such as React, Node.js, Python (Django/Flask), Ruby on Rails, and cloud platforms like AWS and Azure for end-to-end digital product development.","ScienceSoft, Netguru, Simform, MobiDev","Error generating email: 503 UNAVAILABLE. {'error': {'code': 503, 'message': 'This model is currently experiencing high demand. Spikes in demand are usually temporary. Please try again later.', 'status': 'UNAVAILABLE'}}"
